Title,Ingredient
Black forest cherry cake,salt
Black forest cherry cake,sugar
Black forest cherry cake,flour
Black forest cherry cake,water
Black forest cherry cake,vinegar
Black forest cherry cake,vegetable
Black forest cherry cake,vegetable oil
Black forest cherry cake,vanilla
Black forest cherry cake,soda
Black forest cherry cake,oil
Black forest cherry cake,cider vinegar
Black forest cherry cake,cocoa
Black forest cherry cake,plain flour
Black forest cherry cake,essence
Black forest cherry cake,vanilla essence
Black forest cherry cake,cider
Black forest cherry cake,bicarbonate
Black forest cherry cake,bicarbonate of soda
Beetroot soup,pepper
Beetroot soup,garlic
Beetroot soup,onion
Beetroot soup,olive oil
Beetroot soup,ground
Beetroot soup,ground
Beetroot soup,olive
Beetroot soup,black pepper
Beetroot soup,milk
Beetroot soup,vinegar
Beetroot soup,ground black pepper
Beetroot soup,celery
Beetroot soup,clove
Beetroot soup,oil
Beetroot soup,black
Beetroot soup,wine
Beetroot soup,coconut
Beetroot soup,wine vinegar
Beetroot soup,red onion
Beetroot soup,ground cumin
Beetroot soup,red wine
Beetroot soup,cumin
Beetroot soup,stock
Beetroot soup,red
Beetroot soup,red
Beetroot soup,red
Beetroot soup,red wine vinegar
Beetroot soup,coconut milk
Beetroot soup,vodka
Beetroot soup,raw
Beetroot soup,dried red
Beetroot soup,root
Beetroot soup,chilli
Beetroot soup,vegan
Beetroot soup,beet
Beetroot soup,red chilli
Beetroot soup,nut
Beetroot soup,love
Beetroot soup,beetroot
Black beanball marinara subs,pepper
Black beanball marinara subs,garlic
Black beanball marinara subs,flour
Black beanball marinara subs,onion
Black beanball marinara subs,clove
Black beanball marinara subs,black
Black beanball marinara subs,beans
Black beanball marinara subs,red onion
Black beanball marinara subs,carrot
Black beanball marinara subs,coriander
Black beanball marinara subs,red
Black beanball marinara subs,peas
Black beanball marinara subs,seeds
Black beanball marinara subs,black beans
Black beanball marinara subs,ice
Black beanball marinara subs,frozen peas
Black beanball marinara subs,chopped
Black beanball marinara subs,fresh
Black beanball marinara subs,chia seeds
Black beanball marinara subs,chickpea
Black beanball marinara subs,fresh coriander
Black beanball marinara subs,love
Banana bread donuts,salt
Banana bread donuts,butter
Banana bread donuts,flour
Banana bread donuts,flour
Banana bread donuts,flour
Banana bread donuts,flour
Banana bread donuts,water
Banana bread donuts,ground
Banana bread donuts,powder
Banana bread donuts,milk
Banana bread donuts,brown
Banana bread donuts,vinegar
Banana bread donuts,cinnamon
Banana bread donuts,baking powder
Banana bread donuts,ginger
Banana bread donuts,soda
Banana bread donuts,coconut
Banana bread donuts,syrup
Banana bread donuts,rice
Banana bread donuts,unsweetened
Banana bread donuts,wheat
Banana bread donuts,cider vinegar
Banana bread donuts,seeds
Banana bread donuts,ground ginger
Banana bread donuts,ice
Banana bread donuts,sweetened
Banana bread donuts,maple syrup
Banana bread donuts,wheat flour
Banana bread donuts,banana
Banana bread donuts,almond
Banana bread donuts,almond
Banana bread donuts,brown rice
Banana bread donuts,dates
Banana bread donuts,soft
Banana bread donuts,rice flour
Banana bread donuts,tapioca
Banana bread donuts,gin
Banana bread donuts,flax seed
Banana bread donuts,almond milk
Banana bread donuts,almond flour
Banana bread donuts,flax seeds
Banana bread donuts,flax
Banana bread donuts,buckwheat
Banana bread donuts,cider
Banana bread donuts,brown rice flour
Banana bread donuts,bicarbonate
Banana bread donuts,tapioca flour
Banana bread donuts,buckwheat flour
Banana bread donuts,unsweetened almond milk
Banana bread donuts,nut
Banana bread donuts,nut butter
Balsamic roasted new potatoes with asparagus,salt
Balsamic roasted new potatoes with asparagus,pepper
Balsamic roasted new potatoes with asparagus,garlic
Balsamic roasted new potatoes with asparagus,olive oil
Balsamic roasted new potatoes with asparagus,olive
Balsamic roasted new potatoes with asparagus,vinegar
Balsamic roasted new potatoes with asparagus,potatoes
Balsamic roasted new potatoes with asparagus,oil
Balsamic roasted new potatoes with asparagus,balsamic vinegar
Balsamic roasted new potatoes with asparagus,potato
Balsamic roasted new potatoes with asparagus,half
Balsamic roasted new potatoes with asparagus,asparagus
Balsamic roasted new potatoes with asparagus,other
Balsamic roasted new potatoes with asparagus,new potatoes
Balsamic roasted new potatoes with asparagus,wax
Balsamic roasted new potatoes with asparagus,asparagus tips
Balsamic roasted new potatoes with asparagus,ragu
Banana berry smoothie,milk
Banana berry smoothie,cinnamon
Banana berry smoothie,ice
Banana berry smoothie,bananas
Banana berry smoothie,banana
Banana berry smoothie,berries
Banana berry smoothie,soy milk
Banana berry smoothie,soy
Banana berry smoothie,tea
Banana berry smoothie,hand
Banana chocolate cake,sugar
Banana chocolate cake,flour
Banana chocolate cake,flour
Banana chocolate cake,water
Banana chocolate cake,powder
Banana chocolate cake,vegetable
Banana chocolate cake,vegetable oil
Banana chocolate cake,baking powder
Banana chocolate cake,soda
Banana chocolate cake,oil
Banana chocolate cake,bananas
Banana chocolate cake,banana
Banana chocolate cake,cocoa
Banana chocolate cake,plain flour
Banana chocolate cake,soy
Banana chocolate cake,bicarbonate
Banana chocolate cake,bicarbonate of soda
Banana chocolate cake,soya
Blackbun,salt
Blackbun,flour
Blackbun,milk
Blackbun,margarine
Blackbun,raisin
Blackbun,self raising flour
Blackbun,vegan
Blackbun,vegan margarine
Berry muffins,flour
Berry muffins,water
Berry muffins,ground
Berry muffins,eggs
Berry muffins,milk
Berry muffins,egg
Berry muffins,vanilla
Berry muffins,oil
Berry muffins,beans
Berry muffins,coconut
Berry muffins,warm water
Berry muffins,mix
Berry muffins,paste
Berry muffins,vanilla bean
Berry muffins,coconut oil
Berry muffins,berries
Berry muffins,raisin
Berry muffins,soy milk
Berry muffins,flax
Berry muffins,soy
Berry muffins,vanilla beans
Berry muffins,meal
Berry muffins,flaxseed
Berry muffins,nut
Baked Thai-spiced vegetables,pepper
Baked Thai-spiced vegetables,onion
Baked Thai-spiced vegetables,onion
Baked Thai-spiced vegetables,water
Baked Thai-spiced vegetables,sliced
Baked Thai-spiced vegetables,brown
Baked Thai-spiced vegetables,onions
Baked Thai-spiced vegetables,onions
Baked Thai-spiced vegetables,peppers
Baked Thai-spiced vegetables,beans
Baked Thai-spiced vegetables,yellow
Baked Thai-spiced vegetables,green
Baked Thai-spiced vegetables,corn
Baked Thai-spiced vegetables,red onion
Baked Thai-spiced vegetables,rice
Baked Thai-spiced vegetables,dry
Baked Thai-spiced vegetables,red
Baked Thai-spiced vegetables,red
Baked Thai-spiced vegetables,red
Baked Thai-spiced vegetables,broccoli
Baked Thai-spiced vegetables,ice
Baked Thai-spiced vegetables,ice
Baked Thai-spiced vegetables,ice
Baked Thai-spiced vegetables,half
Baked Thai-spiced vegetables,mix
Baked Thai-spiced vegetables,curry
Baked Thai-spiced vegetables,spring
Baked Thai-spiced vegetables,paste
Baked Thai-spiced vegetables,basmati
Baked Thai-spiced vegetables,basmati rice
Baked Thai-spiced vegetables,curry paste
Baked Thai-spiced vegetables,spring onions
Baked Thai-spiced vegetables,root
Baked Thai-spiced vegetables,root
Baked Thai-spiced vegetables,edamame
Baked Thai-spiced vegetables,sweetcorn
Baked Thai-spiced vegetables,brown basmati rice
Banana bread,milk
Banana bread,vinegar
Banana bread,extract
Banana bread,vanilla
Banana bread,vanilla extract
Banana bread,oil
Banana bread,extra
Banana bread,coconut
Banana bread,syrup
Banana bread,unsweetened
Banana bread,apple
Banana bread,cider vinegar
Banana bread,seeds
Banana bread,sweetened
Banana bread,maple syrup
Banana bread,bananas
Banana bread,banana
Banana bread,apple cider
Banana bread,almond
Banana bread,apple cider vinegar
Banana bread,coconut oil
Banana bread,almond milk
Banana bread,chia seeds
Banana bread,cider
Banana bread,nut
Bean stew,flour
Bean stew,onion
Bean stew,vegetable
Bean stew,tomato
Bean stew,oil
Bean stew,beans
Bean stew,carrot
Bean stew,stock
Bean stew,peas
Bean stew,ice
Bean stew,ice
Bean stew,vegetable stock
Bean stew,mix
Bean stew,plain flour
Bean stew,lentils
Bean stew,chopped
Bean stew,herbs
Bean stew,tomato puree
Bean stew,herb
Bean stew,puree
Bean stew,dried lentils
Banana pancakes,flour
Banana pancakes,ground
Banana pancakes,powder
Banana pancakes,milk
Banana pancakes,lemon
Banana pancakes,lemon juice
Banana pancakes,cinnamon
Banana pancakes,baking powder
Banana pancakes,juice
Banana pancakes,oil
Banana pancakes,extra
Banana pancakes,plus
Banana pancakes,ground cinnamon
Banana pancakes,syrup
Banana pancakes,ice
Banana pancakes,maple syrup
Banana pancakes,banana
Banana pancakes,sunflower
Banana pancakes,plain flour
Banana pancakes,sunflower oil
Banana pancakes,soy
Banana pancakes,tea
Banana pancakes,tea
Banana pancakes,tea
Banana pancakes,flower
Banana pancakes,soya
Beetroot steak with Bearnaise-style sauce,pepper
Beetroot steak with Bearnaise-style sauce,garlic
Beetroot steak with Bearnaise-style sauce,flour
Beetroot steak with Bearnaise-style sauce,onion
Beetroot steak with Bearnaise-style sauce,water
Beetroot steak with Bearnaise-style sauce,water
Beetroot steak with Bearnaise-style sauce,cream
Beetroot steak with Bearnaise-style sauce,potatoes
Beetroot steak with Bearnaise-style sauce,carrots
Beetroot steak with Bearnaise-style sauce,clove
Beetroot steak with Bearnaise-style sauce,mushrooms
Beetroot steak with Bearnaise-style sauce,margarine
Beetroot steak with Bearnaise-style sauce,corn
Beetroot steak with Bearnaise-style sauce,red onion
Beetroot steak with Bearnaise-style sauce,carrot
Beetroot steak with Bearnaise-style sauce,mushroom
Beetroot steak with Bearnaise-style sauce,red
Beetroot steak with Bearnaise-style sauce,red
Beetroot steak with Bearnaise-style sauce,broccoli
Beetroot steak with Bearnaise-style sauce,potato
Beetroot steak with Bearnaise-style sauce,ice
Beetroot steak with Bearnaise-style sauce,ice
Beetroot steak with Bearnaise-style sauce,tarragon
Beetroot steak with Bearnaise-style sauce,sweet potatoes
Beetroot steak with Bearnaise-style sauce,tofu
Beetroot steak with Bearnaise-style sauce,chopped
Beetroot steak with Bearnaise-style sauce,reduced fat
Beetroot steak with Bearnaise-style sauce,rib
Beetroot steak with Bearnaise-style sauce,rib
Beetroot steak with Bearnaise-style sauce,sweet potato
Beetroot steak with Bearnaise-style sauce,parsnips
Beetroot steak with Bearnaise-style sauce,root
Beetroot steak with Bearnaise-style sauce,fat
Beetroot steak with Bearnaise-style sauce,fresh
Beetroot steak with Bearnaise-style sauce,puree
Beetroot steak with Bearnaise-style sauce,vegan
Beetroot steak with Bearnaise-style sauce,soy
Beetroot steak with Bearnaise-style sauce,tea
Beetroot steak with Bearnaise-style sauce,beet
Beetroot steak with Bearnaise-style sauce,soya
Beetroot steak with Bearnaise-style sauce,cornflour
Beetroot steak with Bearnaise-style sauce,vegan margarine
Beetroot steak with Bearnaise-style sauce,love
Beetroot steak with Bearnaise-style sauce,beetroot
Beetroot steak with Bearnaise-style sauce,fresh tarragon
Banana ice cream,milk
Banana ice cream,lemon
Banana ice cream,lemon juice
Banana ice cream,juice
Banana ice cream,ice
Banana ice cream,bananas
Banana ice cream,banana
Banana ice cream,soy
Banana ice cream,soy
Banana ice cream,custard
Banana ice cream,soya
Banana ice cream,soya
Beet Bourguignon nut roast,salt
Beet Bourguignon nut roast,garlic
Beet Bourguignon nut roast,onion
Beet Bourguignon nut roast,onion
Beet Bourguignon nut roast,olive oil
Beet Bourguignon nut roast,olive oil
Beet Bourguignon nut roast,ground
Beet Bourguignon nut roast,olive
Beet Bourguignon nut roast,olive
Beet Bourguignon nut roast,powder
Beet Bourguignon nut roast,sliced
Beet Bourguignon nut roast,tomatoes
Beet Bourguignon nut roast,brown
Beet Bourguignon nut roast,onions
Beet Bourguignon nut roast,onions
Beet Bourguignon nut roast,garlic cloves
Beet Bourguignon nut roast,extract
Beet Bourguignon nut roast,tomato
Beet Bourguignon nut roast,juice
Beet Bourguignon nut roast,juice
Beet Bourguignon nut roast,clove
Beet Bourguignon nut roast,thyme
Beet Bourguignon nut roast,oil
Beet Bourguignon nut roast,oil
Beet Bourguignon nut roast,extra
Beet Bourguignon nut roast,cloves
Beet Bourguignon nut roast,wine
Beet Bourguignon nut roast,red onion
Beet Bourguignon nut roast,red onion
Beet Bourguignon nut roast,red wine
Beet Bourguignon nut roast,stock
Beet Bourguignon nut roast,red
Beet Bourguignon nut roast,red
Beet Bourguignon nut roast,red
Beet Bourguignon nut roast,yeast
Beet Bourguignon nut roast,seeds
Beet Bourguignon nut roast,shallots
Beet Bourguignon nut roast,shallots
Beet Bourguignon nut roast,more
Beet Bourguignon nut roast,ice
Beet Bourguignon nut roast,ice
Beet Bourguignon nut roast,ice
Beet Bourguignon nut roast,nuts
Beet Bourguignon nut roast,nuts
Beet Bourguignon nut roast,shallot
Beet Bourguignon nut roast,shallot
Beet Bourguignon nut roast,sunflower
Beet Bourguignon nut roast,cranberry
Beet Bourguignon nut roast,chopped
Beet Bourguignon nut roast,chopped
Beet Bourguignon nut roast,chopped
Beet Bourguignon nut roast,chopped
Beet Bourguignon nut roast,chestnuts
Beet Bourguignon nut roast,hazelnuts
Beet Bourguignon nut roast,sunflower seeds
Beet Bourguignon nut roast,cranberry juice
Beet Bourguignon nut roast,grape
Beet Bourguignon nut roast,root
Beet Bourguignon nut roast,flax seed
Beet Bourguignon nut roast,berry
Beet Bourguignon nut roast,miso
Beet Bourguignon nut roast,flax
Beet Bourguignon nut roast,ground flax
Beet Bourguignon nut roast,chestnut
Beet Bourguignon nut roast,hazelnut
Beet Bourguignon nut roast,dried tomatoes
Beet Bourguignon nut roast,beet
Beet Bourguignon nut roast,grape juice
Beet Bourguignon nut roast,sun dried tomatoes
Beet Bourguignon nut roast,flower
Beet Bourguignon nut roast,ground flax seed
Beet Bourguignon nut roast,nut
Beet Bourguignon nut roast,nut
Beet Bourguignon nut roast,love
Beet Bourguignon nut roast,beetroot
Beet Bourguignon nut roast,dried tomato
Beet Bourguignon nut roast,alcohol
Beet Bourguignon nut roast,red grape
Beet Bourguignon nut roast,sunflower seed
Bombay Burritos,salt
Bombay Burritos,pepper
Bombay Burritos,garlic
Bombay Burritos,onion
Bombay Burritos,olive oil
Bombay Burritos,ground
Bombay Burritos,olive
Bombay Burritos,powder
Bombay Burritos,powder
Bombay Burritos,powder
Bombay Burritos,powder
Bombay Burritos,powder
Bombay Burritos,powder
Bombay Burritos,ginger
Bombay Burritos,potatoes
Bombay Burritos,potatoes
Bombay Burritos,mustard
Bombay Burritos,oil
Bombay Burritos,cayenne
Bombay Burritos,coriander
Bombay Burritos,cumin
Bombay Burritos,potato
Bombay Burritos,potato
Bombay Burritos,ground ginger
Bombay Burritos,turmeric
Bombay Burritos,mashed potatoes
Bombay Burritos,mustard powder
Bombay Burritos,gin
Bombay Burritos,granulated garlic
Bombay Burritos,cumin powder
Bombay Burritos,coriander powder
Bombay Burritos,turmeric powder
Bombay Burritos,baby potatoes
Bombay Burritos,granulated onion
Beetroot & pumpkin lentil rainbow falafel,salt
Beetroot & pumpkin lentil rainbow falafel,pepper
Beetroot & pumpkin lentil rainbow falafel,garlic
Beetroot & pumpkin lentil rainbow falafel,flour
Beetroot & pumpkin lentil rainbow falafel,onion
Beetroot & pumpkin lentil rainbow falafel,water
Beetroot & pumpkin lentil rainbow falafel,ground
Beetroot & pumpkin lentil rainbow falafel,black pepper
Beetroot & pumpkin lentil rainbow falafel,parsley
Beetroot & pumpkin lentil rainbow falafel,clove
Beetroot & pumpkin lentil rainbow falafel,oil
Beetroot & pumpkin lentil rainbow falafel,cloves
Beetroot & pumpkin lentil rainbow falafel,paprika
Beetroot & pumpkin lentil rainbow falafel,black
Beetroot & pumpkin lentil rainbow falafel,sea salt
Beetroot & pumpkin lentil rainbow falafel,coriander
Beetroot & pumpkin lentil rainbow falafel,red
Beetroot & pumpkin lentil rainbow falafel,more
Beetroot & pumpkin lentil rainbow falafel,more
Beetroot & pumpkin lentil rainbow falafel,pumpkin
Beetroot & pumpkin lentil rainbow falafel,ice
Beetroot & pumpkin lentil rainbow falafel,plain flour
Beetroot & pumpkin lentil rainbow falafel,lentils
Beetroot & pumpkin lentil rainbow falafel,spice
Beetroot & pumpkin lentil rainbow falafel,smoked paprika
Beetroot & pumpkin lentil rainbow falafel,herbs
Beetroot & pumpkin lentil rainbow falafel,root
Beetroot & pumpkin lentil rainbow falafel,gluten
Beetroot & pumpkin lentil rainbow falafel,herb
Beetroot & pumpkin lentil rainbow falafel,fresh
Beetroot & pumpkin lentil rainbow falafel,flax
Beetroot & pumpkin lentil rainbow falafel,ground flax
Beetroot & pumpkin lentil rainbow falafel,red lentils
Beetroot & pumpkin lentil rainbow falafel,beet
Beetroot & pumpkin lentil rainbow falafel,flaxseed
Beetroot & pumpkin lentil rainbow falafel,love
Beetroot & pumpkin lentil rainbow falafel,beetroot
Beetroot & pumpkin lentil rainbow falafel,smoke
Beetroot & pumpkin lentil rainbow falafel,ras el hanout
Beetroot & pumpkin lentil rainbow falafel,ground flaxseed
BBQ 'Meat' Loaf,salt
BBQ 'Meat' Loaf,pepper
BBQ 'Meat' Loaf,pepper
BBQ 'Meat' Loaf,pepper
BBQ 'Meat' Loaf,garlic
BBQ 'Meat' Loaf,onion
BBQ 'Meat' Loaf,olive oil
BBQ 'Meat' Loaf,olive
BBQ 'Meat' Loaf,black pepper
BBQ 'Meat' Loaf,lemon
BBQ 'Meat' Loaf,garlic cloves
BBQ 'Meat' Loaf,clove
BBQ 'Meat' Loaf,mushrooms
BBQ 'Meat' Loaf,bread
BBQ 'Meat' Loaf,thyme
BBQ 'Meat' Loaf,oil
BBQ 'Meat' Loaf,cayenne
BBQ 'Meat' Loaf,cloves
BBQ 'Meat' Loaf,black
BBQ 'Meat' Loaf,cayenne pepper
BBQ 'Meat' Loaf,walnuts
BBQ 'Meat' Loaf,rosemary
BBQ 'Meat' Loaf,mushroom
BBQ 'Meat' Loaf,crumbs
BBQ 'Meat' Loaf,red
BBQ 'Meat' Loaf,peas
BBQ 'Meat' Loaf,breadcrumbs
BBQ 'Meat' Loaf,potato
BBQ 'Meat' Loaf,dried thyme
BBQ 'Meat' Loaf,ice
BBQ 'Meat' Loaf,nuts
BBQ 'Meat' Loaf,sage
BBQ 'Meat' Loaf,rum
BBQ 'Meat' Loaf,chickpeas
BBQ 'Meat' Loaf,chopped
BBQ 'Meat' Loaf,chopped
BBQ 'Meat' Loaf,dried rosemary
BBQ 'Meat' Loaf,garbanzo
BBQ 'Meat' Loaf,walnut
BBQ 'Meat' Loaf,sweet potato
BBQ 'Meat' Loaf,port
BBQ 'Meat' Loaf,panko breadcrumbs
BBQ 'Meat' Loaf,dried sage
BBQ 'Meat' Loaf,panko
BBQ 'Meat' Loaf,chickpea
BBQ 'Meat' Loaf,nut
BBQ 'Meat' Loaf,love
Banana ice cream,bananas
Banana ice cream,banana
